{
  "threshold": 30.0,
  "accuracy": 0.9824561403508771,
  "precision": 1.0,
  "recall": 0.9818181818181818,
  "f1": 0.9908256880733946,
  "roc_auc": 0.9818181818181818,
  "pr_auc": 0.9993620414673047,
  "confusion_matrix": [
    [
      2,
      0
    ],
    [
      1,
      54
    ]
  ],
  "classification_report": {
    "0": {
      "precision": 0.6666666666666666,
      "recall": 1.0,
      "f1-score": 0.8,
      "support": 2.0
    },
    "1": {
      "precision": 1.0,
      "recall": 0.9818181818181818,
      "f1-score": 0.9908256880733946,
      "support": 55.0
    },
    "accuracy": 0.9824561403508771,
    "macro avg": {
      "precision": 0.8333333333333333,
      "recall": 0.990909090909091,
      "f1-score": 0.8954128440366973,
      "support": 57.0
    },
    "weighted avg": {
      "precision": 0.9883040935672515,
      "recall": 0.9824561403508771,
      "f1-score": 0.9841300498953808,
      "support": 57.0
    }
  },
  "num_features_numeric": 1283,
  "num_features_categorical": 0
}