{
  "rmse": 0.7232651251324069,
  "mae": 0.5220549707245404,
  "r2": 0.9979457253267654,
  "explained_variance": 0.9979777994222707,
  "selected_feature_count": 9,
  "adj_r2": 0.9975523535808268
}