{
  "MAE": 1.0997483875610736,
  "RMSE": 1.644339228349044,
  "R2": 0.988711448362954,
  "Adjusted R2": 0.9870459243509309,
  "Selected Features Count": 9
}