{
  "MAE": 1.1126033929664296,
  "RMSE": 1.8568138275677344,
  "R2": 0.9856056482318184,
  "Adjusted R2": 0.9834818914135621,
  "Selected Features Count": 9
}