Subset,R2,Adjusted R2,RMSE,MAE
Train,1.0,1.0,0.0,0.0
Test,0.988711448362954,0.9870459243509309,1.644339228349044,1.0997483875610736
