Subset,R2,Adjusted R2,RMSE,MAE
Train,1.0,1.0,0.0,0.0
Test,0.9896788499701601,0.9877024595389141,1.6211840194986462,1.075266222928383
