Subset,R2,Adjusted R2,RMSE,MAE
Train,1.0,1.0,0.0,0.0
Test,0.9856056482318184,0.9834818914135621,1.8568138275677344,1.1126033929664296
